title,author
US labor regulator says Apple violated employee's rights with restrictive work rules,Steve Dent
Apple's latest iPad Air models are $99 off right now,Steve Dent
Rupert Grint found 'Harry Potter' role 'quite suffocating',Lisa Respers France
"Apple workplace rules violate U.S. labor law, agency finds - Reuters",
"Mobile phone, PC shipments to fall again in 2023, Gartner says - Reuters",
"Taiwan Dec export orders fall for 4th month, uncertainty darkens ... - Reuters",
Fed games - Reuters,
EU studying whether Big Tech should pay network costs -EU ... - Reuters,
Asian stocks slip as investors eye central bank hikes - Reuters,
"Europe's luxury stocks have room to rise, but becoming costly - Reuters",
'Soft landing' or 'no landing'? - Reuters,
The Nothing Phone (2) doesn't need a U.S. release,nicholas.sutrich@futurenet.com (Nicholas Sutrich)
The biblical Eve shows us what we need to do in this time of female bravery and vicious misogyny,V (formerly Eve Ensler)
Amazon won’t believe I was sent shoes instead of a laptop,Miles Brignall
How to get the tang of citrus without using fruit | Kitchen aide,Anna Berrill
Why Donald Trump’s return to Facebook could mark a rocky new age for online discourse,Josh Taylor
Grammy awards 2023: who will win – and who should?,Shaad D'Souza and Laura Snapes
Who Is More Important — Your Customers or Your Employees?,Jason Zickerman
How shopping sites are using psychology to trick you into spending more — and 3 ways to avoid them,"ahartmans@insider.com (Avery Hartmans,Danni Santana)"
"Here's what the stock market is facing down this week, from Fed moves to earnings that will set the tone for the rest of 2023",prosen@insider.com (Phil Rosen)
13 Best High-interest CDs and Savings Accounts Today: High-yield savings accounts hit 5.03% APY,"sacevedo@insider.com (Sophia Acevedo, CEPF)"
'This Culture Of Secrecy Is Not Okay': Former Apple Employee Celebrates NLRB Decision That It Violated Worker Rights,Gabrielle Bienasz
Paramount+ To Merge With Showtime in an Attempt to Increase Profitability,Madeline Garfinkle
HomePod de 2.ª generación: vuelve el mejor altavoz inteligente,Eduardo Arcos
Los beneficios de Samsung se desploman: ¿qué está pasando con los fabricantes de chips?,Félix Palazuelos
Spotify alcanza un nuevo hito y ya supera los 200 millones de suscriptores,Luis del Barco
All About USB-C: Pinecil Soldering Iron,Arya Voronova
Asian shares fall in muted trading ahead of Fed meeting,YURI KAGEYAMA AP Business Writer
Do's and Don'ts of charging your phone the right way,"Kurt Knutsson, CyberGuy Report"
Was a Popular Brazilian Food Delivery App Bypassing Apple’s Location Privacy Settings on iOS?,John Gruber
What MacBooks needs to learn from competitors about transparency,Mark Coppock
YouTube TV loses MLB Network and MLB.TV add-on,Phil Nickinson
Klipsch follows the success of The Fives with The Sevens and Nines powered speakers,Simon Cohen
Philips Fidelio FB1 review: the sledgehammer of soundbars,Simon Cohen
No Such Thing as a Bad Apple,Sue Rahr
「折りたたみ式iPad」が2024年に登場するとのウワサ,@GIGAZINE
"heise+ | Apple HomePod 2 im Test: Genauso teuer, trotzdem besser?",Berti Kolbow-Lehradt
Verschwiegenheit: US-Behörde sieht Apple-Regeln als illegal,Leo Becker
heise+ | Jugendschutz: Wie Apples Nacktfilter in iMessage arbeitet,Holger Zelder
Four months later – I was wrong about the Apple Watch Ultra,Connect The Watts
‘We will figure out how to fire you’: how corporate America is hitting back against unions,Michael Sainato
Yale honours black girl wrongly reported to police over insect project – video report,Iona Serrapica
Elon Musk quiere convertir Twitter en una app de pagos: Paypal o Apple Pay tienen un competidor que nunca hubiesen imaginado,Antonio Vallejo
"2024 Mazda CX-90 three-row SUV revealed, with your choice of inline-6 or PHEV",Joel Stocksdale
2023 Infiniti QX60 Review | Now worth checking out,Zac Palmer
Cinnamon Toast Crunch-Flavored Bugles are Hitting Shelves Soon,Aly Walansky
Apple won't guarantee advertising viewer counts for MLS Season Pass,news@appleinsider.com (Andrew Orr)
"How to use classic Mac, Lisa, NeXT, Apple II software on your Mac",news@appleinsider.com (Chip Loder)
'Severance' nominated for Producers' Guild award,news@appleinsider.com (William Gallagher)
"20.5-inch MacBook Pro with foldable display rumored for 2025, no folding iPad in 2024",news@appleinsider.com (Wesley Hilliard)
"Wedbush calls Cook 'Hall of Fame CEO,' says no layoffs coming",news@appleinsider.com (William Gallagher)
"Apple & Google will have to tighten health app requirements, say researchers",news@appleinsider.com (William Gallagher)
Cowen forecasts 'soft' iPhone impacting Apple's Q1 2023 financials,news@appleinsider.com (Malcolm Owen)
EU wants to hammer big tech & streamers with 5G build bill,news@appleinsider.com (Malcolm Owen)
Future iPhones could listen for chewing and tell you to diet,news@appleinsider.com (William Gallagher)
"2023 HomePod review roundup: similar sound, same price",news@appleinsider.com (Wesley Hilliard)
"Daily Deals Jan. 31: 40% off an iPad Pro, free Apple Arcade promo, $150 off M2 MacBook Air & more",news@appleinsider.com (Jess Pingrey)
Periscope camera exclusive to Ultra iPhone models through 2024,news@appleinsider.com (Wesley Hilliard)
Samsung's terrible quarter delivered lowest profit in 8 years,news@appleinsider.com (Malcolm Owen)
Here's why you don't put an AirTag on your dog's collar,news@appleinsider.com (Amber Neely)
New HomePod still leaves rings on finished wood surfaces,news@appleinsider.com (Wesley Hilliard)
Paramount+ and Showtime streaming services are merging,news@appleinsider.com (Andrew Orr)
Valentine's Day gift ideas for the tech lover in your life,news@appleinsider.com (Lila Riesen)
Spotify rompe récords: es el servicio de música en streaming con más usuarios de pago,Jacinto Araque
